{"mean": [0.4886879026889801, 0.4745258390903473, 0.3576193153858185], "std": [0.2033945769071579, 0.19930797815322876, 0.18474064767360687]}